temp,voltage,current,mileage,fault_code
44.30562053978634,412.33362948475036,37.3680220321577,10024.195410243208,0
36.81161996863704,415.94070972693,67.63035306135082,15418.30069346352,0
54.56088615794929,369.00342749709233,46.88678217487734,9061.450307301046,0
40.273807930575686,394.34983824489973,45.68682356430873,8029.884157977214,0
41.96265475104561,408.5099813687565,39.16191485822187,9074.754832095468,0
48.59566909843349,426.56526758432125,48.08184066334659,10886.229841238906,0
42.91802145413002,406.8296696151224,38.222257630489864,14257.41353960585,1
34.23970468302646,398.2774390062374,29.04893871429925,8547.741679867424,0
40.65701435804208,397.43294045132666,58.1502973267685,10383.095064437106,0
41.37471861334571,395.6398571023828,49.440027900752334,15515.934671558898,1
32.917660468870004,416.94720710318927,36.471811865277225,12650.61479252175,1
36.195626250177625,370.27597696047434,33.162766835827966,13794.82080068855,0
52.026853756582184,370.8480328388796,34.996256360679105,10530.172258668854,0
43.39724240856495,367.05083633556296,35.46452620233262,9639.638551239397,0
35.1216461336961,393.9114544572214,40.45017579918763,11961.012059348132,0
41.317767003870415,407.5263348107603,49.71019453440872,8525.148000838628,0
38.28130289491564,413.2192094293631,31.948078706235606,9405.899166034964,0
45.19418476914953,412.62837838768775,37.689509556716416,9473.275806800099,0
42.21531697720519,387.051562304511,63.17803826715265,11666.650373286648,0
43.13336715276947,384.0262776715479,67.27238707515502,12952.126844695287,0
46.806753488269564,402.68287065820084,54.692268767139836,12659.236987852528,0
30.99610130207376,439.112281415589,50.59388020424571,11739.723259628592,0
37.593692942712906,406.0100241239502,62.594093171348675,13609.800161253597,0
41.5647129743766,388.4559469217632,38.612942185920076,10360.728150397856,0
38.39036516109965,390.88609241947046,40.29376017995299,13561.135710935581,0
42.435330862474956,412.88870761015266,47.13388835509748,9286.557059971605,0
41.66226476291586,401.3262613572145,50.01547001817971,14297.645622174143,0
41.91491406263677,386.2708835631092,44.54734410385884,10677.902683298298,0
33.91970827443979,386.07855628825564,44.55762152230808,15576.13851118384,1
44.68004268379383,392.13804717822256,33.30653086502099,11617.736559450996,0
43.37148249415809,405.22211179837444,47.585245419782076,13703.927499536678,0
38.643947097498064,394.6605972384137,36.575252799601316,12540.971448305727,0
37.802126936586205,399.0124351110446,42.4286685846282,14734.843597122674,0
39.1285024091159,366.5120081173499,45.53761111643599,11529.33078989309,1
45.84304181989208,419.73778877252875,48.22996351553754,15820.386501388464,0
32.78047094506951,372.74814441136004,57.175680082375706,16037.012437620955,0
45.91529997015374,383.9684171243051,37.65751105663733,13181.979669930255,0
29.34035388473106,404.9489158411495,27.297662615267207,8252.757682833093,0
40.57701406042352,403.84558015902957,46.14218438733589,12275.40752043536,0
36.35487259017367,379.2993414154198,53.87413144187737,15454.260277777697,0
39.836607363630606,390.4260126719643,44.77926592592048,15841.684807499303,0
41.09610808352783,364.04303200663463,49.11689360463136,14468.810913807594,0
39.879009363722524,398.2772706787669,61.33124453214889,13433.80159656555,0
36.90613007803792,411.1721657604516,63.64011201612963,15845.939093233748,0
35.00052411827698,383.5095360564189,51.86326794471986,12038.032102979927,0
37.779652207717476,434.7119533827906,36.94485540244744,13083.854863360095,0
41.41510930759511,375.83879483909095,50.534521650997576,14671.025831762945,0
34.276666193403635,382.1656436091866,56.62512909889589,9422.807256390832,0
39.88070084731606,366.5918085645549,55.38258365283308,6894.972551494544,0
38.39781756024628,407.6786925471195,40.40014937179093,14344.42083493428,0
37.71097648694395,419.13791519955976,58.56162191888642,8785.826811984078,0
38.119265445071456,436.3169502143696,47.28175206169316,9090.346585157678,0
39.9315197800434,440.3249355005291,52.87158582382422,16137.193303366446,0
43.70451030076965,402.24141711809705,67.1267078729648,14112.477636282309,0
39.50511592004048,396.6106442157968,71.92184342317485,9649.804545748699,0
37.54820019342326,394.731685004655,42.993344540346826,17983.15901834832,0
36.571488433525715,404.94867304807406,46.16307614908613,11454.300317962117,0
47.395090096012446,430.97369182769165,33.09299748233187,12219.954412403378,0
40.82529260156455,407.69524671457077,60.46040184455552,12010.946124324806,0
45.08724342366982,452.1652888804137,44.400264552977205,11864.974285540326,0
34.060782884745166,431.5390278079981,57.1312013323276,13206.98945427142,0
44.34332426970989,426.6193354239222,31.92702740915604,11580.119168315943,0
39.872296197437244,377.25649732599925,48.0494076171033,13230.059597562975,0
38.00873367426304,416.2604772418251,38.11993614846858,14657.057741819506,0
34.806286991172854,401.90849375831715,38.923520636345835,10530.712184840537,0
49.833579831113376,382.08448471712154,64.33508441404196,7592.786246176399,0
38.83055978798741,382.6027446376864,43.74058923542588,12982.987673331447,0
37.850174470010664,408.728959988176,44.62848887223516,15624.777779230966,0
30.826554341728812,411.55095817771326,63.997992599573294,6664.558752115787,0
35.29416908032068,395.8799592322755,51.47629088661553,16383.785917073568,0
30.834572403414022,379.2752338846544,46.31274509066912,5814.546207141308,0
41.266569511087276,418.0034705511015,42.76842244277137,15404.592293587079,0
28.964998872117516,404.5697456981337,49.4681065021145,12199.054328038883,0
39.628507904950894,416.51641491568284,43.91933469172714,5950.8461400967635,0
48.173429433696526,414.13280591077,41.10891800438419,10304.554276672767,0
47.3494946246135,394.057885639359,49.95908305545488,13629.270413702678,0
36.08412674736273,393.94412613223784,49.74345397385336,8396.505170822038,0
42.68016754665339,401.7756582082825,48.318522038158584,7886.81858373455,0
39.911411034126,388.5747107234207,54.90200427119175,12000.234141170547,0
47.193575539145414,394.43118498050126,50.24976075556338,13673.918336808289,0
34.52231099150438,386.7941963705248,73.09249823229304,10382.445886018442,0
35.827462596356156,426.5121912536988,71.08591088000892,7937.303820010692,0
40.43312055511052,395.50383051121344,42.75772552314586,10846.569364296385,0
37.54069233527454,432.79083300450094,57.24244736513815,13188.53096404076,0
43.136409017172205,398.4619920616892,35.56695512824937,16620.585428706632,1
39.25826794396412,419.3637282307256,55.93751076989755,11121.529731680937,1
42.94998142573856,368.00672883163554,52.677932171568614,13471.453286042572,1
32.76684160747698,401.4373213026627,68.77418753768129,15750.631958503627,0
47.39608891868817,392.55625212285054,46.42377265467385,13010.172875726052,1
43.93196876498143,366.927616536746,42.03250917710084,6111.700460332284,0
35.69345606486445,402.6280984155102,42.89802228625753,11412.141013447741,0
27.197973140481032,387.0098651766693,58.27065653363685,12517.088019062838,0
37.590862612137705,416.0918906486983,51.16489186669858,18004.210834649362,0
31.524189181062127,379.8442772175366,32.28660142651731,13282.655932762831,0
42.998876348703774,377.1047275713661,60.22000545023941,10942.017417912033,0
39.63622643831484,399.11534101760026,58.47428741400598,12833.199179611423,0
35.74543056354047,437.75921098237797,50.23999925007463,12929.987112630959,0
42.042563158488804,398.40095227677216,51.34975219194416,13433.816306108329,0
40.323022797451536,406.1926317204503,29.623297942781623,13596.873903669935,0
40.38232237992896,383.8034750154303,39.9771181480356,6749.267295732841,0
30.514078217157262,387.60285651443616,53.025538870776295,11701.161955029946,0
38.70440815650404,404.8571736445586,56.342938423354845,10676.092114885101,0
28.502218892125647,368.96283449330684,56.45156799834368,4523.431823340601,0
39.513002789015474,400.17729296951,54.352673477620094,10025.275869674606,0
43.487791546151804,397.584514823651,62.4644723516315,11622.32468073022,0
48.44992426031838,385.9285486443111,57.22572201554954,12851.466947095216,0
38.08162071073641,408.2201243206535,55.821349815738024,11077.733008906478,0
47.78740124072627,400.856083290719,46.866726935240635,11741.388465632313,1
37.16368218428788,396.37473825987144,39.74226836995324,8349.873417232488,0
38.165495719110694,415.12834297214476,57.15832049378663,10560.536192565865,1
39.47764884376305,359.0740572071693,65.32236480102351,12724.72230548356,0
43.761140827224764,392.63468115935325,75.52890712121078,15233.015831761119,0
37.32841082974035,426.2282534157716,59.880437358707205,17970.506374649456,0
39.935871859535816,414.7500684865083,43.260747280952074,12863.654681479129,0
39.119234099987615,381.4840645627697,45.279924079901036,15065.251206325234,0
37.76799970965093,420.6066470066652,57.62911520141701,11468.04982384912,0
39.969423939823045,376.58909875883865,59.32797790848639,21537.122669000702,0
48.90456034069943,386.75599207714015,46.5384066866766,18706.9090961418,1
33.585720813478645,384.9628289629523,50.623264000104435,7811.325264159641,0
44.63097009819172,407.66556831109335,58.46795871916224,9096.971709765496,0
40.83544869187639,383.9492384932998,48.112488015908646,11104.266164017372,0
38.273278741626406,406.1121972866941,58.672898387321624,2165.6084822479534,0
38.45476048735187,436.5930068246289,48.84927219247395,13598.61615382382,0
37.17460096020073,366.8674510478516,51.03446204371154,8326.94087575518,0
38.31463608714079,389.4864151320017,54.68191318298456,7297.77697700846,0
40.61853441981305,377.69946452968816,41.24629746711934,12766.129961705097,0
43.36899462486029,399.05832739422624,56.48040461596116,15047.731568093282,0
36.85148065308703,398.6412503357386,43.480055097959855,8354.491016220503,0
38.76466576861772,395.1172681347578,46.2150491110625,13428.938584304191,0
34.294685348118506,406.4654994807901,41.290660766383944,7981.035399560065,0
35.91654026155869,400.21794650605204,47.787240363960294,9569.071327689167,0
40.005218692873754,416.9827220123664,45.194291427424936,14826.337696753433,0
42.74787446153882,423.09711193502824,45.39934235793329,11125.746065278388,0
42.03589276757906,404.12526180012924,47.527520530607696,6624.2895564420505,1
35.70929592546699,433.6017203696416,37.62120002223939,10893.16694609624,0
36.80695147510744,384.69024897158147,48.38536609569935,16001.639501314197,0
40.13474677567601,356.5721715027871,71.22525998288495,10750.904362408206,0
38.13475804813431,369.94619129709884,45.73883351243249,13658.93639058283,1
34.313977608385855,387.24361074680104,54.966239387406304,11453.912984220708,0
41.75651759680182,433.51536564365296,50.546293890682925,12652.57080442679,0
40.88864149617426,404.5876526204414,67.4187305490548,15008.767258361151,0
42.562029406007206,399.76530172470547,46.13744780326255,13525.781860599207,0
46.59050374192289,387.93130908385035,60.91551789123993,15382.673733758742,0
48.80853192179276,397.55985010297843,29.155776154827354,9671.003564069126,0
35.00090115403598,402.2716217930798,48.16316825396105,13022.430809619123,0
37.47730104269933,420.219942831552,61.81061932928149,7258.450591404148,1
47.60448892314271,372.7278495244427,63.57138570596314,14500.773286780643,0
38.7050069710158,379.0046864458898,36.35347120025247,8974.04766422783,0
42.898327589660155,381.61389860306167,53.878645434523904,13646.745427122056,0
44.27182804410427,402.56441618522376,48.991785836683356,11843.900627729223,0
45.18763700839993,426.0664873951413,44.24407962094893,11876.563800778975,0
41.08829687238612,440.51937865060484,36.36815833951805,6248.066214244573,0
38.48665263241887,401.49260367323444,64.31728248567191,15476.816252967265,0
51.4142430788524,394.1652453206603,38.92923959152779,17430.63191689152,0
41.03285752322348,401.5857621013993,56.364945922597954,15198.322560530174,0
40.54153582947761,389.67671238732385,59.94206394960639,6409.826654524145,0
38.63138220953501,402.87358120219017,29.761425277598725,15443.61515793972,0
38.53326484458671,371.9652044601239,43.13457743097074,14524.170361090837,0
44.58584288427204,434.2971293769861,35.58058988906253,7942.8173146921745,0
34.5072434345207,431.00681450697573,48.833587402812555,10520.395778522685,0
37.51099867678166,404.5822521770652,50.66053097427064,9301.15490871552,0
42.12316718080889,372.9116212718357,40.19296531665875,7239.043690433523,0
38.790052076800734,396.1638671031579,38.65457172880741,14350.012076801277,0
41.61910413619764,406.63496761707603,48.29907679133433,15374.898488840252,0
38.39692200863672,400.9315094866228,53.830582177369294,13386.706308434424,0
37.09067760470348,412.44614790944405,44.36796631562639,16454.34949357079,0
36.532797087536224,376.16476290188234,36.85564153090915,10223.199373351476,0
39.35810694576289,439.5562864368814,58.891496400876214,11987.46907926276,0
49.431258271882236,369.4064615460128,39.43923509008004,4603.665364064557,0
35.41526237596805,397.87343873078635,41.733641152316665,12396.448628571452,0
41.016614671907625,410.77977566353496,62.40932790048124,11976.526608962966,0
45.23808774065494,418.84800004278065,37.07679090765477,13326.055352452191,0
36.59988396500004,408.70145843523215,42.18993583539379,8969.046972503005,0
41.36948609314124,432.59522995502516,43.641999348268,12271.573111854981,0
39.558624245923,389.7808095096474,56.667953013250965,12166.667293004597,0
42.90680813171632,415.39155213847926,36.3249603527022,7733.073688433376,0
43.6212003446336,399.95126474697076,29.858362606558234,15540.722387562304,1
45.45369415014881,394.88020401208155,38.38338339673679,10305.871399009702,0
39.60239400097301,400.53552623170054,53.78842559002087,13499.230357416527,0
46.73244287512548,424.4298687881527,61.556098008121246,8262.121543169222,0
38.22560690122189,422.8671293909383,62.82652328957806,13490.031935690307,0
49.87619236529234,404.44727920273004,38.66233442541983,13727.241515901367,1
36.735000151952676,380.22944038465147,59.07167492052585,18477.78849714403,0
40.72212751584716,394.2328585771196,52.1773359587902,14989.98324691852,0
42.06450955134547,382.3556647261442,55.72253918036691,9518.021639939318,0
35.7452535214083,378.19181803646717,47.43779143972397,17872.82693778721,0
40.74555186091968,369.42125156048263,51.15946256481861,8789.725404556906,0
38.22438468735793,403.44704722713584,32.805229160438316,14049.253084259537,0
37.88126660723173,432.7978439341767,30.10353002767421,11037.470518962506,0
53.223865964612195,431.4866101246728,23.48869701387143,11245.972303658978,0
34.42471459494806,396.78112064081046,50.59327196158708,11047.419085924996,0
31.860761142300603,403.2986944598925,57.467388662400005,14241.393819138188,0
39.649602701095894,385.3238004302847,36.86958766393147,5245.648243739483,0
42.817422693916576,411.0804866044921,37.657176735731284,11223.108824438073,0
45.631841325364945,395.5143084554503,50.41677158874082,10854.209732952457,0
36.16196609580818,387.6000888218785,53.289012477470386,10307.642901367151,0
32.48893202302452,393.18751504730113,32.30226850191647,7329.2514753859605,0
43.96478875209079,390.80526916937555,48.17628453329087,16497.939816196544,0
37.901008389396104,383.65638171835,69.25746671160456,9172.550187379318,0
43.47705501074013,390.4771106307358,40.51819828798125,11796.006072759044,0
38.489509482472045,413.68145498041144,71.01261730549375,12716.556117459015,0
39.516753127871524,376.0082603199296,56.1660351304524,11136.806627722466,1
39.15225183823269,405.396196024736,50.50521863840026,13418.538034446032,0
50.58454300302594,388.58735685408885,45.79061186404055,7769.608274602446,0
43.80999502495749,424.4289453499504,39.97572318499384,7555.24802412255,0
41.38338790376123,373.9355592374832,60.546417395209446,11380.760261144735,0
45.46002336274164,385.96082660504214,47.375251836901896,18769.0092133664,0
38.527410228167874,410.0230758330596,57.841259291996586,9704.417881420952,0
45.510825839548836,440.2428688324948,46.55990431377012,12286.013968632067,0
36.78229591774607,406.18941374594874,46.95903278006529,10889.177831371018,0
37.9939816923031,396.19970236378555,57.21000970465599,14385.686919349942,0
40.57753607699811,409.12565243519896,58.46453596164722,9938.535131542005,0
49.08268718452712,400.08060543147934,43.82280363101486,13730.953447598042,0
37.70059931901845,362.4748927629025,51.29202274847324,4421.851915046598,0
41.84876296016285,429.0992411078677,39.71419857611416,10664.004688704841,0
46.27451182925041,445.6984938831531,66.56324365959324,17082.832033405513,0
27.349992615578717,406.42268401233116,62.634117001708965,15478.72362785542,0
40.767343329501394,394.630638786107,54.240426417366564,8918.2139424146,0
36.021377831513064,442.08033746883467,51.07124865101382,9830.690645489858,0
46.36099160255406,413.39972332990095,32.29453570689555,11400.776515450023,0
43.96544779307951,405.1394042901515,46.507928962011924,11393.69045401581,0
40.68178238287771,400.5222079810762,51.29314793808414,17369.110555572697,0
33.68171266026754,393.2875290031216,61.40723213742647,15118.314076396411,0
43.75947475918797,396.0482091369453,43.15332387670021,12924.147039857944,0
45.94933956841515,381.8245304426189,48.110920404891345,14379.905275057037,0
37.214543280367295,398.2349390751879,46.68295149059607,11829.529325128819,0
37.05201596482221,394.6825414777488,45.61794214323037,11846.587989058484,0
36.05415765651359,425.2597079087162,61.164414111436734,13738.464903847684,0
40.39615508208094,400.7914157342646,56.49651875261327,15364.870703422934,0
30.59637693192852,409.36405929708366,43.616267110935915,9077.795877283075,0
40.24332521556572,394.5192820262633,54.14630039514452,12064.201604563781,0
45.803396048585824,401.717019309854,53.47085729545428,9142.939530106174,0
33.82266726003292,408.70953043370355,43.924712730550425,10751.4767185237,0
39.13686331353338,380.81786489755183,53.68602977521126,9958.56202940619,0
39.841000086555596,414.28305742043915,54.7201845623588,10950.179066199442,0
28.784213266951568,379.8531364365044,36.77576435689172,9206.43193245738,0
46.33332042356223,405.4625976307548,43.83457751211801,8967.099614145074,0
45.98348214185657,450.58296853406324,37.126746806882835,13047.952348508908,0
41.43810787828099,371.6877250567529,47.48483404260141,7503.229918575919,0
33.107119364773084,403.5095753609569,49.260384955689894,10366.323990605808,0
43.270433989902045,403.2358212784516,41.539430589619506,12418.552283737641,0
45.276483858870904,401.09231553253886,65.40981417939543,14937.153179365765,0
44.327575480386095,421.15637610722865,59.07388745120083,9497.040161560562,0
36.72029414783424,377.77683058524946,54.892366880982024,14501.475498857653,0
36.687864744841846,409.54757396373094,45.56460988045154,12751.727484055593,0
39.84792188069038,391.9471249660871,46.831027739908684,14422.820752484507,0
40.30196617381169,380.89535681723174,49.831072753178226,13893.763336957216,0
38.42044756604657,426.83098672901235,65.04356698755788,10516.923724609893,0
42.07009729774767,384.68739653179085,59.37593081672594,12879.975190464607,0
31.23676331447903,437.0061436302326,34.656679109676574,12177.822755726043,0
40.02062995063498,409.6727847208923,29.714541375232724,11050.283142787568,0
40.771240125333115,417.3626907806906,57.94008951350023,14406.006736900883,0
42.53369908747351,362.6327014186406,47.004191294888244,9876.625082967197,0
35.222806130797025,404.85473682230884,39.22986613695619,9935.785688096767,0
46.22974010174873,401.1672331858932,66.0076584441502,10238.361005117677,0
36.86630131236231,391.49797656137724,42.13750111844782,15853.392484833545,0
35.10796005567271,396.41815841884636,59.90804942685297,14035.281240922945,0
35.84847630597968,404.58793829471335,47.05444272411877,11500.48465122609,0
34.710919500930785,390.65645365876594,53.85531398305826,6518.051860679335,0
34.5121166984775,396.85544606337845,33.12754559004365,6464.233821894847,0
41.2344894646588,422.04644732641054,50.04707845644774,14716.300490753114,0
37.786364688204976,391.5158996196211,64.02953592059019,17594.12192381335,0
41.14971896436689,423.09983213900927,57.03957232359073,7571.298320079171,0
46.43475095684011,428.65395410489526,40.640110672009335,13672.007194767488,0
37.74675419710021,421.88549093009544,33.61488833454394,12703.346083566117,0
44.65462626216387,404.59420723389394,68.44820285759195,12700.861734605416,0
33.60339275737023,405.9619437093547,50.041714096124274,15297.965667552835,0
42.48947030194501,415.1370062768059,50.46785131064519,9969.458183238898,0
43.197308915831876,377.8128265578454,60.52501884179023,11363.298146393994,0
35.28706530808028,375.6148376630659,58.00719729871891,12207.861598096162,0
31.072010343244525,404.4494728865218,61.15167153883227,11815.903330438727,0
36.715416146283296,444.5851219303811,42.939825103914096,11844.553100454747,1
45.9901855644239,407.2274844073743,41.62104670936182,4880.385902337718,0
43.538123632532255,393.846030630528,52.15344039609075,8850.534594314362,0
41.21419983489127,412.0360592843407,50.482707530166685,16597.549185629436,0
39.15567258943973,383.10938252406817,43.214920828858986,12307.965430765787,0
45.48664476607985,371.09160047596976,47.80450183797313,10279.11659522941,0
36.32309000094425,421.1804428929937,37.62504088081819,13450.614128592664,0
41.33822702036542,403.7804070596426,59.98906733606367,13460.121676366198,0
48.26521647035784,403.8026489450652,60.00959587726007,12668.427968144217,0
32.48942578698858,379.5118830174312,51.51818088336997,14374.613100130064,0
42.0666879348769,400.2353812330967,56.549203969553226,13171.417593614526,1
42.62170662085335,366.61995270472283,53.59216356760341,10401.167730941892,0
47.99713805486205,426.047809701638,49.558533006516114,14410.785358379639,0
39.17773087793933,393.1502162163982,46.701196534167714,14569.907268607458,0
40.74226239356669,408.51434268074684,55.85864331509496,11914.310486555532,0
37.59910222678479,422.4467712068606,59.62505133329286,10034.796234091613,1
46.937649599341825,395.9889518450038,63.77282851192232,13621.17988565993,0
37.24040761730428,402.2023429043909,51.34886224794703,16635.052792053128,0
37.82584447923119,418.4118432426211,36.75455475193228,19070.42470849173,0
39.480481404286294,419.1456948076261,24.522072035627946,10512.096351411266,0
40.366267714054516,397.8517763112186,66.32278810907238,10750.4500497768,1
39.376782876398025,386.2013115687121,44.028099011453925,10012.888159385082,0
38.30194835234027,403.1288594757626,31.51860144688234,10811.887021867806,0
37.599890979037035,400.2831405200043,29.243845670892572,8845.714045201963,0
38.17415160619331,411.1644294340198,45.45774797981736,7323.966375195229,0
32.75065264017407,390.97446342186726,62.353647062343704,11600.31237794047,0
39.00213735542787,385.96276477399056,34.01960287504274,16331.104575640875,0
39.858174540768616,380.92088532114167,36.9215570934157,11425.104813409556,0
38.958289178066074,376.2473634454012,58.0878903524972,14892.354240167879,0
38.84682725845377,412.73272054504605,74.55923645943355,9115.02143772388,0
35.15103348679989,451.47222844136303,45.50041245211938,13336.532914298392,0
35.62493943349887,412.02040171418315,42.725522541377,10140.230180164515,1
35.233577513138655,363.6724540281389,36.52422018821993,17171.049894231135,0
37.76789787800885,382.35562527587484,58.61474387332442,12236.034793269406,0
38.66330319516512,385.6326959317487,47.94210986453122,13395.693014015176,1
41.70359164934569,403.4638715496823,56.668682921355696,4998.581364402397,0
37.0333847206647,397.5516622538945,50.94497310745367,9349.604429261803,0
43.24199840920827,384.2709436466671,42.049759184669384,10862.070486109911,1
39.2244345624453,404.17973481745565,47.59116327151967,18186.40948230843,0
36.75571361102965,393.58504771257975,66.20537897702144,12593.162806086759,0
46.84485443743137,428.6615187920169,61.4367233018569,10897.245436967929,0
43.7189673560834,421.6162710695688,72.79306657633973,12629.446585868644,0
41.59935411763251,414.43552335316264,56.36280831127385,11863.4031223252,1
41.1035058298758,397.4761514019829,51.163570518881556,14709.21227520273,0
42.14371349473256,436.4320550082051,56.126842480913844,16658.75734594053,0
37.51661090424824,385.6924746050888,43.35037087708529,10930.76792642706,0
42.91653780965048,423.5211665225679,55.52867447404135,14390.057312438757,0
38.9154779288562,403.2458862662998,47.465901046971034,16392.35687935239,0
33.924305589207854,411.781913522773,28.823056590250204,14078.290270822556,0
42.13208391209775,424.3372255238881,39.92682218781118,11329.880905863733,0
41.603290144849346,369.2755545353016,47.37437433796836,14518.219207818936,0
38.34597323159534,381.0149833511021,69.55400005579126,12016.209691030439,0
35.86313918082528,356.0491204711184,47.554753773739364,15252.13332712786,0
42.56285482121977,408.9345087095433,50.093458013395505,8459.97128329701,0
36.6947107458095,398.66196271925673,83.78458137049017,6421.90378409882,0
47.7120767896686,395.39859904842467,43.69768918119043,14286.544203985635,0
38.644501122894006,401.6194850831743,56.28227169845304,11949.122600665249,0
40.51933980346334,391.3243553903515,56.30536822834745,12741.99203341626,0
43.21323537646769,370.17602201836013,31.58827795349914,13949.45919459539,1
45.09130770044119,397.29609421031296,58.93230367601237,15545.557195228663,0
38.10247133311046,392.28117617809727,64.94734248072808,8671.612151601026,0
44.7668165505735,422.29737302591366,70.01567101656518,11718.515976448853,0
35.846022473905386,394.9977850033053,53.567250534925385,12225.965433287112,0
41.335051294158,437.58740975594174,40.3487643153789,11772.203903587142,0
45.87838109444939,431.0447000513038,53.192582969471275,7228.073813494022,0
36.178438486253725,423.85388269559627,43.87027008643341,13571.534756716366,0
44.51080931458169,384.1652262629888,44.756311785351926,11726.029103907415,1
37.806661148032845,403.4400197688285,55.28617758846178,15069.219196085938,0
43.57872956821246,415.1421252625493,58.99284613911589,10169.82156457094,1
42.90916863489464,380.4158735102416,32.612531513458876,13313.503517455742,0
30.829557840278937,385.43732083766787,45.00703133402307,6561.311340701786,0
35.838787767989245,392.0393899749123,43.89170616701151,9697.210936655714,0
42.42592518135946,410.02531973326376,41.49021255551098,9625.110536908729,0
42.595275826738586,455.1255514799745,48.72330090320529,15074.869726335872,1
40.52833585849816,419.937426794535,46.5424723836573,12038.3646235248,0
39.13899433672009,362.81228851317326,50.812119248972586,12749.01501157424,0
36.81453633723171,399.3844349120769,48.23477939429409,12274.803752185082,0
46.114476597829615,423.0620523454188,29.27903183510253,9812.671581526347,1
34.40587591679272,407.75258364999263,35.63469179900322,10103.709483787006,0
41.669435441081326,399.9981793500066,62.958708598732066,20789.47427141836,0
33.88583739259838,410.6703417870386,64.66710681002614,9201.132493530822,1
42.74974301466816,402.01885442809294,68.35783705047928,11929.097681949965,0
39.21556588843209,403.8361666050441,58.08617687598196,7778.569087639118,0
37.74237070381447,416.92333113477,45.07505706151365,10084.931444632108,0
36.48798676648608,410.7890560290017,55.369550471778155,12029.39332204472,0
35.24029785166649,388.97867704205834,46.61881616691968,11204.441658092972,0
46.663294516295586,427.4600788844736,35.47686348180621,8634.207223698224,0
47.65224684517978,383.1511960458556,71.62591217043132,9942.997259086453,0
38.19444638756015,390.6433945370744,41.415549745697874,15100.60903424955,0
35.57082176853334,362.6221592543187,64.24849251837857,7384.3079275250175,0
33.09324909505044,415.21855381148174,58.76278778775057,11136.286645241877,0
33.18868123313899,433.70442465579765,47.4817489748627,11847.508363178482,0
31.72899614754352,425.57590700047297,45.40867502386801,6183.180604750175,0
41.32067077838056,428.4502918694991,54.05732887262481,11952.457077683379,0
40.8810712380505,410.22597246192254,59.57218964789921,14297.469676381521,0
34.29673216022725,403.93105453119205,48.01074565558466,16221.268716002567,0
44.323565721737204,404.4607599104511,61.888810862360856,13754.542938649869,0
38.19440680910649,421.44576725861265,26.881330222213535,10154.328507300334,0
31.92609374834,405.0939494178797,48.60430430806285,10322.38420226678,0
47.80798763657228,440.93690444304985,36.01649470941406,10634.001508975576,1
36.32022548497316,395.9842704209056,55.18607220096881,8571.8171777673,1
42.7784087165263,398.779507553205,35.08662775722865,11560.404412167933,1
41.30197855309417,397.2937650729406,46.151437288475265,17615.182027474253,0
40.21677485147387,390.46285555447815,55.15561451942415,8255.831362542496,0
41.022017982465414,394.24311599877467,51.54953179473007,8577.908947575572,0
37.72247520956651,448.39185735871524,55.32671720716106,13401.817614264355,0
32.58883772430779,417.8226304409885,53.27787466346685,6718.296725812371,0
42.09438590213422,386.2712868560472,69.62979858394458,12562.151110695015,0
36.81359743788201,429.2125798024165,69.6855621779685,14813.754260962005,0
34.707483445680886,386.3544954132963,42.77828668123915,13702.862976343426,0
32.641719704044874,446.4761332849348,52.59426402427629,8138.307142575362,0
29.732549667420486,393.56632131748063,67.77833588622963,9706.419001350898,0
43.77984440818883,394.7360491277741,57.197129778380585,8058.378966074144,0
37.089520101810635,365.62301370121344,34.40312864982607,15180.251022637456,0
43.55545457719842,364.93630001112655,51.41797084715478,14292.925543185414,0
41.641754785738065,369.14993669373,55.15456943401984,12518.634459683262,1
37.56959832754433,419.7423755622657,47.32987197649881,13089.46759983329,0
36.91495600385546,378.98756042799465,29.54592649012939,9847.136828113984,1
33.69315618834791,390.65680649929106,44.764342983270026,12178.31358220189,0
50.54269887151209,388.92055429825825,41.63311145974723,12171.874200263448,0
37.34741365452374,365.6750381722343,57.799160873576724,17328.77234446939,1
42.83891543803483,382.23901545460524,52.49861953128895,13156.179759817354,1
29.114377452528394,435.61907834520775,48.69753426149863,12846.977461535047,0
47.858899436123295,416.37557876455503,51.42679857169227,12919.863963228134,0
46.07367556766797,400.19802944362635,40.71329486802895,18069.02539122316,0
42.420379940510756,387.0747428286491,34.31510395347949,12798.759325661897,0
48.29364719437129,386.8784459934811,53.27169642615008,13960.706004779502,0
42.71240924081392,403.1844623839543,34.297178897520986,9549.610026859054,0
44.67346084767434,434.6602877291806,43.545522499049355,5451.550661407141,0
36.886105101621894,399.9162284414339,76.12504844126725,9383.99241526756,0
40.389412026580715,394.18550902995014,42.76701009574821,10027.67658541887,0
38.10721156457691,433.3948854125725,61.65402937260029,13767.68764460936,0
41.80230755068114,384.1816233464998,36.925846303136574,12448.536612827324,0
48.807052619637986,412.73949920176557,49.185929563653076,11704.151708587046,0
39.73788340233126,417.8182517401065,45.14853378251528,11412.489657246593,0
49.851158807120186,407.72978313708586,62.079175751027634,14821.83836141863,0
38.931976575677304,415.25248713751677,35.78671901020326,12763.382777985511,0
35.19420797176883,391.0328840961918,67.28902878908548,13038.978647327538,0
36.765610111287124,409.02244416246043,58.50147687447514,12527.225434038759,0
48.51677029259251,442.84031455411775,42.12204163129549,19207.62646050963,0
33.677446483759184,364.73497917740065,59.65943578544004,8691.264692974362,0
45.242938262859276,407.563308583077,49.17880794989047,5945.182792195777,0
40.028509574352384,412.4517043133028,53.165080892685886,11361.422977334949,0
39.318934118971804,406.99333817402993,54.05055760039763,11338.428349397122,0
41.40492705560482,375.24415631129506,35.93492217466206,8912.940341361878,0
43.70509331535713,440.9143686769961,54.06264100776926,22332.691137330694,0
31.226781805033234,369.11201705754456,62.07965018761962,8757.858996958943,0
39.389319051982035,440.7593129945303,61.08075033581609,17398.573372067753,0
41.193352314237075,402.1368150093624,27.195769618935046,16928.478627107048,0
31.345535650430655,413.2207969914873,54.682257804156386,12294.133233519946,0
36.303124013086716,414.8399830049766,49.31268589010451,15204.950798022397,0
37.31329996877452,392.5336910495433,45.26466984935769,11299.919839254286,0
42.10461278085603,401.1956961042162,60.92805946766057,16079.08766762241,0
40.54211030356355,399.6034420138623,59.31662389861903,3841.242590855907,0
43.56533818568454,402.25005800981916,51.44442690781732,14377.37340945544,0
24.191038810258824,386.189184426801,44.90033272281131,14565.749815677495,0
39.682427270722876,409.19731603303865,51.45163143618166,6873.389637736864,0
39.13556483519362,421.96096344436944,74.2918461826705,8801.77011755741,1
49.37160021751794,417.45883491701005,51.32215884971783,12135.593883935142,0
41.191858553581326,406.74585252333657,39.133962225663126,6842.669313567772,0
42.02832377158011,408.6030654194286,45.01807737087843,8265.098944454683,0
53.338093435210396,382.58692233776173,45.44556556417613,11934.142699431555,0
42.7675781264677,455.96164604161737,60.49180798987538,14698.503498561873,0
39.13353440019707,434.53049184602116,45.56255351227533,12196.549245946402,0
40.77810572749766,392.0401145108979,46.41459527352429,13612.487598150496,0
43.97312949885104,380.63370954646314,52.956636000232486,11671.303690401675,1
40.281856197587686,405.3107155447389,58.814187160875036,11327.318633795323,0
42.4294087803155,426.288058668609,49.71410406299072,12131.967000667995,0
43.15530315834721,384.9761765071382,43.01499370660634,13206.791335935775,0
29.029913930776363,392.9737152530289,53.99535160796978,17139.251706250707,0
37.51731877809141,415.6263072200747,44.179029619657946,7942.664571115302,0
41.42043754251986,392.16266331082227,53.66875062490632,9110.570664848321,1
44.477722557116834,384.41762821936953,42.242554605251755,12867.062361184613,1
36.440829782871354,394.59142777198673,48.601191713070484,17541.351286352517,0
42.49301532552538,389.3473316524697,49.198028967697795,15450.811799415791,0
44.09926891835887,406.75253253326446,46.28117789314439,10691.283480526272,0
48.02076281977374,395.3225438187829,53.27751830620921,9278.946238251054,0
44.15569545020335,400.0365258223792,64.80001983859681,13891.797144861008,0
47.35353955018504,416.2571002789858,36.917533502097996,6604.926370503631,0
46.16660515305503,406.7060922812498,38.29752592152443,8754.304734357655,0
46.25687925216037,434.75971100627874,44.83746458174091,10383.25775206141,0
37.61359757039875,371.4294962720985,58.59420713447153,10180.16868622356,0
42.469536121642015,421.688404021732,59.49205271325974,11291.005526033425,0
36.65544407791269,430.5675499858148,48.174413103104584,7765.0126138538235,0
31.84854457270305,394.422537360963,38.987185792628814,8583.163674325693,0
44.03487494421263,403.1796207206381,46.361061705549076,16745.16331755958,1
39.48860843938215,393.38375963657774,60.270316663794176,14563.855220662075,0
38.088812668985405,398.6598650823404,46.244112849945395,7084.593041939942,0
34.17628116008308,372.1048483833576,48.17449889378205,8995.42201258949,0
48.76899139210455,419.5835730765767,49.15687500319215,16024.339109658606,0
33.933771926590666,442.9645540987715,40.21687276730235,14967.733269342754,0
42.68361548716304,408.2087179054736,55.36771757895983,12062.396219955379,0
38.13623833737183,373.89645989831473,40.21200976959814,11051.405895116099,0
39.91949457295224,388.4478917276467,47.492751508600065,7780.938970071025,0
34.38522173300529,399.28241163413236,49.20584359516469,14933.740370992116,0
39.27297199343574,414.6329384894278,42.05621650128434,14339.637844581868,0
43.33322343676584,413.21680474269635,47.670569434637024,11369.484744779478,0
37.44630939178109,406.9238055941591,54.461179394111234,9928.029557651755,0
33.60994682741446,403.5252432148638,37.4486563566785,11513.84545268252,0
40.0072619259662,408.74730099184706,49.096738900134106,12404.162841150008,0
36.75519539206248,364.366522891983,54.83920661493018,6407.222154511568,0
45.37047062717484,396.6678878377863,31.021495691253506,12472.165497030728,0
35.246713104206165,398.1021216182445,34.18252685022988,9030.636604831834,0
32.80077331460717,381.65960455224996,45.99353529309493,11016.906898092888,0
40.74876035625709,364.2616710604584,41.53638411312376,12991.850955422313,0
42.901749749134595,379.05071985206035,44.72447734246436,15345.695187250993,0
44.15883073291279,429.6528484033832,39.75791158631276,17536.464708174193,0
40.67415408262583,417.07646806413624,62.53115414639808,11027.140818567008,0
34.75860539959671,418.29430004116404,57.85184782651266,9762.021954498237,0
32.00999954588258,383.571791040157,40.58313669705879,11923.853271135918,1
44.99066926448658,396.7476792017456,62.63077812646084,10141.714913477392,0
38.06981105890075,371.3307986810644,66.83687151997023,15008.843044602963,1
40.76440874850049,417.3206367301626,47.131391077357684,17343.348289629645,0
34.118458221759525,369.1509411105458,56.18117908961368,8180.017931517738,1
39.86314331630835,391.09370885248336,59.608241314333966,8244.821938273644,0
39.36749519768156,418.9840140940251,57.427185564332554,14867.085659232927,0
37.65334580840877,424.8764188186075,51.914740299840396,7519.146518217282,0
36.5652164433522,414.0821242585648,51.087035374462545,8664.151195188424,0
46.316734632425046,415.1988372644531,46.78243229142622,8335.327071120324,0
39.195254888044744,390.9485915117454,48.48747115258727,11344.684117390372,0
36.94985435393093,407.335409250065,52.03837037802779,12975.59463706569,0
40.33690246053668,379.5074221614857,52.433055599394706,9648.213114688031,0
33.93195410971768,399.7138145071988,67.59276759677674,13328.283419848136,0
43.891070566945885,429.44659442215243,32.388910921979225,8319.828163023334,0
46.38212208746121,412.8641081458297,48.1246168202526,16609.520411004596,0
32.923197677008986,405.4827886857106,51.530732776665936,9225.213230954965,0
41.6486799557286,396.43356126488857,52.381528211778,11563.556319205667,1
34.0848897164674,427.9616570367051,49.0197254235589,9368.939722628576,0
40.88396949073609,406.9584804139582,43.80728326148486,14691.262109079618,0
41.152562381562724,394.47328956724533,48.48886688830678,9833.956647846646,0
30.850026832736354,402.12618252193886,33.30800782551126,10580.452301691532,0
42.23880991798739,374.0861978648219,56.48789755462808,12238.278071901887,0
36.11532765996009,423.0891432421024,51.0432556086242,12729.782167755055,0
40.1156871528388,409.65056415577436,70.63893835851012,11843.755051421716,0
40.910988101761326,382.66318673679893,44.0027633567509,13847.721350614014,0
48.73387609898576,405.8759104078881,58.71863322750279,14150.264371041472,0
42.49769044402098,390.63259511652245,56.41854476197071,10663.32613813218,0
37.25143929676215,387.2636424157774,40.54586269851372,11722.99315419156,0
38.51783284873089,440.44175942684575,33.670775480520234,9498.578354793817,0
26.340330590688055,385.05629026101747,66.49260019185114,12538.011833361712,0
41.35524298185652,446.48829760811066,42.433705021550026,8647.055379178702,0
39.31667956288858,397.9593041200257,67.492034962422,13911.488410627913,0
39.245841590650166,427.57028484745445,47.28176450056818,8577.856786607472,0
34.45528500126747,398.6975265362562,47.221672638380035,14463.712348845434,1
40.28173653043118,362.0761385365154,64.66886114895019,13168.202693720395,0
41.70003999237221,413.49040305878947,48.34732643903094,12982.904220246333,0
42.63880254148871,411.5452091553483,56.48787017582223,12511.636483014905,0
41.26373448806787,422.5375646425618,38.65998613557038,12777.026880487734,0
34.61358274347354,395.70376088208656,58.29810506679359,13605.793956758189,0
42.06334245973125,418.6291156900833,43.36612332126502,12101.54873822103,0
39.62165383196036,384.94141189723155,58.71726948274031,11532.383102634602,0
44.99546791932855,437.22900205293377,52.91711689010862,14704.983412810107,1
34.50988463791061,386.6254987829694,71.36466390198031,15430.76749966196,0
32.474721813948776,418.28664450429665,53.67171576717547,11620.6191188809,0
36.999008031469415,387.74821832517307,41.249563072360836,14957.3163078738,0
47.00985619291365,400.24501036153515,48.18087758878168,7840.160791407866,0
30.89886653228497,409.8100079712198,77.51141981987539,14768.207880045336,0
41.81255432698525,398.7811160560772,41.99175393127028,9961.81314347385,1
44.14641016780598,432.64602049544834,48.827591213807615,10122.633235959578,0
43.99854836262689,415.1327225110277,59.79022601196687,13828.042902967769,0
32.29922673130099,403.4113618527515,51.756743874045554,11161.98423816929,0
41.88592221876649,402.8150099329659,54.43202394032819,12136.37972132432,0
40.40023247275755,398.38278510872817,52.47439405410521,8838.984286912904,0
45.622422308758686,410.84679027719017,41.45982868626935,10520.874230437923,0
44.03449639813668,411.93707265436603,52.20512454272987,14583.601146597499,0
42.3883305235676,389.2626165982273,67.68767626591514,4830.8844059234025,0
33.72256012817244,372.13837255364007,41.437162540831146,11253.463698721414,0
40.925204869871244,400.96537140315866,50.01134097833052,10922.131457302406,0
41.84907059378133,445.28712826443933,57.066145885375015,14419.710054909945,1
40.66990953244796,383.49376939311446,45.77685737650981,8562.327136535936,0
26.806957335804864,406.10017078372005,36.57036287636204,8530.163320207905,0
43.2508152668928,357.15758490659204,43.360991615227725,14873.536915708435,0
40.03659180101288,398.5214512366391,42.99060782084335,14530.976539555646,0
27.225654295926326,406.2842735900459,49.66703358939004,15712.117628794578,0
42.79085224892268,410.4196897187192,67.76278575142518,11295.839748557071,0
51.57082079604902,444.4703361234602,47.950535074537164,8358.915640450274,0
46.02350794105642,390.46643520120875,50.52731287458904,9976.242832928034,0
42.987553252735204,403.4920056428577,61.016032234204175,13960.220927292892,0
36.255048876958895,379.6139543866203,38.21199183815853,13738.981042072222,0
32.03033288120741,422.0584387720654,57.02228989532855,10354.795614793782,0
45.831537471094,427.4321882855219,57.656886413081594,11930.893813413428,0
44.699541233243075,402.225912830812,62.12183497953866,8995.44880860837,0
40.139005205348525,413.99524452415824,34.53567890499432,16579.6722058801,0
40.27097893034003,437.41439781348,43.65698759469845,9002.607978726453,0
38.583470924052676,420.04256600664996,63.242711309620866,11924.988410001186,1
38.493265230139066,386.7846527163577,55.07955294016003,11418.893766412879,0
35.43688784773645,380.0703249532811,51.33289151268242,13795.555294218078,0
43.77379959274975,379.4626638286787,40.24077668389002,10182.092184522997,0
33.430309848917794,391.7609389506209,68.73153771289564,10327.647242763469,0
32.658039233408694,415.41908382832196,62.02869986222811,14898.791662989775,0
34.31618022150021,423.5758102881845,54.62361671277392,9780.299781594667,1
30.358805328735492,404.405665598435,45.98367380675944,11830.872238249873,0
45.21426968386429,410.7644081606921,56.59232295089019,17398.09104147731,0
34.338035937464625,409.3147711706788,50.79228883411764,17001.937652119486,0
46.86508959910826,389.81436170113415,49.053477196576196,10774.891106006553,0
41.89667963271458,397.17173160276633,51.1991546728758,13604.38830720895,0
36.672405535607595,394.4721653997867,45.7031233492471,11286.407514418064,0
36.92217011305922,393.0245783637648,40.10063632283889,13369.093325399705,0
40.77695091045113,407.47609517320774,56.06317362477974,11244.895572068559,0
39.42310298145377,409.0264471978416,64.0625451873372,11711.673564828256,0
38.422045414688576,392.2575779414778,45.91011425907168,10092.29683052181,0
48.79439431077476,395.9448165800987,40.90316302403804,9448.903331342002,0
36.205949604474355,375.5814730929145,36.6523568540934,13472.64161640907,0
40.00075499355457,412.97051743597535,39.422467731994836,15477.846876553038,0
38.691955052360306,403.9269504544839,40.689480508635384,14018.497492664817,0
35.50422173588532,425.38683361247456,56.60414841235259,9904.02066394131,1
32.49095225814637,421.5795861331622,41.78893541419855,10449.439446999142,0
49.5009178671172,405.5819246779861,55.741272602172735,12322.960675160211,0
43.7474392694603,388.6458082763962,60.28026903646041,12308.190008467993,0
40.241493003308,416.95219996001214,62.56468508851809,14319.050708190785,0
45.929583962592986,424.5506601243646,62.0580883349081,10609.896799714668,0
36.485838522452994,413.0175126108132,69.56706287562766,16425.220417263936,0
43.46350327178124,371.7399667209201,67.16723534289181,11927.29345392515,0
33.095464786458294,422.27449259467085,54.44312018385608,10894.317674932146,0
40.826962948086376,382.0213609408003,48.55604796834294,10261.387679599744,0
36.19220559333889,394.42313425885874,44.81827337403744,15518.269637986441,0
39.703433274669614,374.82694464818644,53.172756275555436,12116.065880861292,0
48.22064279883582,383.24399855556067,49.598175475830054,13262.52941399675,0
40.11589605044377,375.0655326160085,59.77052077350316,9877.640892342068,0
36.80982474506077,408.6248271862854,45.56976782383946,8093.163249936355,1
36.2729174432489,382.68298102299,44.790045467792794,12105.020194834626,1
33.35507786772082,398.80432785257517,46.658747783054565,11294.9141140591,0
39.80302280225096,383.90324203470004,70.52134110146902,7521.701858744484,0
34.42135035553321,391.20098248211514,62.91861821633359,11043.56574268681,0
33.84675950959661,407.4813346544281,55.97918994526139,18612.268934013257,0
37.94260025343998,407.92945214167446,46.381020144043404,14831.321312271948,0
35.15231012216259,373.5345817411839,59.86799325443525,11805.614731626607,0
39.08836784319501,392.5622465331026,44.63745625242112,15369.489605956354,0
41.39728283216426,375.3504451834864,51.31735604338882,14289.558081581332,0
32.8084524908343,380.06739360890793,40.25888893407763,13878.008603625609,0
55.72528511258653,389.06936196586076,60.31992524616657,9637.068166624258,0
35.05540236573337,432.5367774031745,37.00366627612157,12824.115252761045,0
44.2079346073766,391.3819536076654,72.9180609155357,13044.081116505135,0
48.267692571563344,414.7697015090415,41.76401373196107,10801.773437326423,0
40.03995840300411,408.9831157700704,62.87578491325199,10020.283908337527,0
34.062900016857576,403.1846887050046,67.29093855968233,14061.242931253475,1
49.47324990313054,398.05716145097205,32.187541391156195,13979.740504818312,0
48.789743419791435,391.6361757081183,53.8241644858567,12486.911217922318,0
39.592164020339965,391.65923840630626,45.374102420430695,9397.633508223655,0
37.48384278443552,375.72303916129044,47.734285609130744,14660.925078623946,0
42.104617821346,394.96935660770555,39.886254324985416,13846.939922870943,0
39.002440438426774,432.1607794005262,41.56528451762246,9874.223425399408,0
41.21179097943942,390.4900996558098,41.7259803863143,2997.835494585521,1
41.636722306670194,439.6680178607789,49.47175057292902,10807.96940990024,0
34.252568322598655,387.7259119170484,48.23907730204373,11161.571203851961,0
37.86759455120615,403.03169891594194,45.160350002609846,14828.569177272328,0
42.493961966210975,381.646685887049,56.717551434998555,9407.599165069883,0
40.663755088980714,432.0144789409613,49.40447206615114,4697.4552102699445,0
41.33342708661808,418.60074717125167,57.73091806637568,16548.865828235903,0
43.71869549535218,379.1623561387708,64.84720241090521,11408.542050321326,0
40.408749511361684,399.87713848100606,46.541837044296145,9860.564068499894,0
38.49313568648281,393.12460157195073,28.804377344148033,5662.876977078042,0
47.88323325819298,404.81134378870087,50.222486176549744,17032.04843594713,0
36.128766814877366,426.65691446902883,59.78673720496554,13324.383245360626,0
35.99129114112897,419.7684689967641,55.47995670391845,10541.6722355065,0
31.419793886797937,397.9547843626246,59.917857338325774,14475.195841718867,0
46.81524532449633,428.59116482451554,48.56568351900603,16312.468864853317,1
39.16262781062167,372.0382892424343,46.02412449188638,13418.30534938705,0
42.359630221316124,389.5725498235537,42.82331886482726,12985.487480971591,0
30.327750169082748,394.17556676339245,42.926176938902074,15820.81522554169,0
46.16276679264025,399.61948773803283,52.32557286025385,9689.448926564137,0
42.866950327427055,410.33262922319966,52.09674757519983,9822.990538073856,0
30.26140988130037,425.09169632746836,44.50153992725526,18413.054840337427,0
37.59580021660582,401.6118105574008,39.18258422880715,18826.39089554401,0
46.37157070856255,371.57969180365257,56.50594367931954,11655.619180367703,1
33.76801166451641,424.4028503582349,66.75204790166167,13090.845510488041,0
39.02393692450562,397.4926492978654,57.86244618731784,8929.883572389543,0
41.75247225959705,386.24073041256537,41.63065556144175,11354.444139150544,0
29.127080501903773,397.3135140246197,40.09766305546191,14398.946009951716,1
33.604275891838455,389.7688676357729,48.28050241520424,16234.39584054464,0
39.72269906133661,442.3746718942335,52.24417309416412,13067.418017842932,1
36.45934208387394,408.19149242224665,47.55369426172693,13044.5453318195,0
37.87585590341843,372.3898370717497,53.84882879537138,9575.292114776666,0
43.072554088212115,400.52564459609937,47.42574838709868,5275.285008855653,0
36.95086310400462,396.2791796461977,36.96857642881393,16306.537467575181,0
42.52698057014604,417.82961635456934,55.15211053763152,8020.097681695479,1
35.565870646474146,417.5488299483787,56.63957658665298,9082.487395609576,0
39.14190524121794,404.1330984370297,58.59921147729193,12387.689462111135,1
41.211793062262494,392.699285164541,47.52035513107856,8894.33708933551,0
35.288659669762474,388.03657841367317,38.0979087677895,5472.149318582765,0
38.090165640401395,406.435307254893,42.773282328531984,11603.88720244565,0
40.97786300069445,416.1276308854285,46.99023381392255,9512.65538584552,0
43.26576177386178,388.4843434478974,46.011456548274744,10209.756812027434,0
34.673475173737266,427.4320585738183,70.93649536913928,11001.296711123592,0
36.89857423969734,438.04447701887915,62.92438380805968,14282.317886673742,0
35.719722797186456,378.1854725777323,53.26035145009676,5849.704518150795,0
46.618964597513084,413.05847868501064,51.516846286539504,10735.890716696676,0
39.597252589008235,407.3757925797548,38.58318193895663,11141.657416122296,0
34.84430203207105,385.9477305581083,59.74955650328376,10394.001744043271,0
33.580709812509745,388.9760662872193,50.6184678783801,13327.928928148409,0
40.4581954686161,421.8878935997666,30.848127485658424,14472.718294237915,0
43.50465492048622,342.8004106552672,62.55686382310604,11574.672661367558,0
52.89511687870149,414.36960890362707,46.8868052780789,15441.519860542992,0
37.4949643455134,391.3394832840735,67.60006896297902,15855.546514373893,0
38.89820540002795,367.667166274545,47.735847499330454,11521.29684323264,0
35.69397172127699,381.66725818302166,49.78888293684134,11295.210791832047,0
40.4343040879887,411.1794568950018,34.46987585790202,11435.5853877372,0
46.1842906958777,396.8253124076443,43.65952187657114,11663.989130631557,0
35.42328960014112,418.3937814530736,48.17057002869293,9597.947676719392,0
28.111628010965806,395.1283002909567,39.303267677573835,9335.354086968178,0
47.25262296093889,411.89261212560245,58.29331686521545,12617.399035947514,0
44.06726107939236,401.63578852621595,51.02547489144195,13937.138141831714,0
41.54242498079828,403.78851433581985,40.80685908346208,11015.2401821511,0
43.55647657676454,397.15951420470213,62.607970054253,15089.622425392137,0
45.95029680134699,393.5908931414442,42.95461709867739,10702.195091715785,0
48.305801755916804,414.3013074519685,40.24572678153223,12786.551849457894,0
41.578791079377126,432.85382272196205,60.55266556524955,8377.905202086122,0
37.01208433166823,411.3424074712022,62.29845198183969,12817.853144120558,0
29.688467889061442,384.3050363429485,67.47641308123367,17877.22866875957,0
40.591987046942485,400.5515214368498,51.72260664235747,13587.960713282888,0
33.47610501937904,409.2328373162115,53.6449517052557,10538.336399619233,0
44.20103264256791,400.5313151713859,40.24002797569301,10985.986153904621,0
37.058199922833566,381.8522188554431,43.6532631857403,12654.956451875903,1
39.84312915329426,402.8374710688898,46.42365370619838,15015.384188474585,0
40.340578379351,425.36885753229734,40.89098328245267,15449.11445896331,0
39.081760385005055,384.6742428749452,60.47409138091092,11375.93225845182,0
39.28294174380663,424.1918036302024,55.20717186748297,11658.550555995536,0
33.68474024156019,431.6842466109394,46.72217420088152,10447.244023547391,0
43.25808967530198,433.268587950777,36.67254757955209,12088.19194903622,1
41.83860401446991,401.0076405187749,43.17422186824574,7424.566853160725,0
37.36290021528254,372.7599185705279,51.050172360616735,8343.720146428748,0
40.83086551116157,353.54087267475705,61.42836796629571,11555.813563532554,0
39.34134034373973,387.1051471385945,34.15646096931749,14520.162220987524,0
44.06154994352632,403.1555007637571,43.69778829067041,12304.322279976386,0
42.92253153521999,416.8058309450787,42.32752077857621,9582.459260357538,0
45.01912398233694,396.3135905127758,44.82460880704884,15785.286471366417,0
35.19208483016348,388.46164992921376,52.63684935435747,10553.773800735542,0
38.30535741884501,421.5979216802749,54.86709292912577,11629.310950639177,0
46.178264747716774,399.03511417014846,43.56337651087468,11360.217451530596,0
34.944428849360534,380.6776940539132,52.02932046131172,6192.319510554397,0
46.2224198065859,407.72882325831137,59.47654374612006,10819.065521739267,0
40.893099317140525,362.66807692228963,79.75437468345974,12825.247883896856,0
26.00208102045589,404.67608202243224,60.4608568782907,14833.143947323733,0
29.469367861286216,370.8410100148652,66.88248695591186,11857.255723570637,0
48.56343757011072,364.82129257618357,47.91408941763861,15878.282821978202,0
46.65247197259693,367.4616905347624,39.339470843823946,9465.367695822648,0
41.264671885605296,364.1559362584413,35.48319039808263,9121.162657060562,0
43.3073904071739,405.36225390217555,40.71630697595546,7379.500981520681,1
36.939457894793,406.32177114956664,49.758620688593034,11381.457846415582,0
36.895074264991,361.73428015285856,57.933366193083216,15724.208638893622,0
46.81908739807655,403.3933215629374,46.956470326560975,8376.073019738502,0
38.56119552655522,376.2210115138379,55.72184944792238,13333.104386215782,0
43.861915879819506,387.4938364224049,40.837039706436336,10167.254009301972,0
31.517875497907383,370.1823553425146,58.16114043074807,17895.843455407645,0
40.580074223231705,395.7273756703015,25.921067838430236,6902.127173446751,0
46.40108644655304,439.3754813106321,52.33992912050873,13513.08236942009,0
30.720746426663535,379.33723670153506,54.651730967923825,10956.060972916057,0
38.122183127750006,414.24137056377054,36.69418445505484,7586.603569281758,1
43.37910474307834,423.2113573370361,76.68468721845483,11856.464483963082,0
44.12924577308334,390.3655978591903,52.41787628576936,8603.940292748524,0
42.807799291749056,386.57471433868886,50.70891789187329,12819.950741145558,0
40.68787084822955,411.5129743750496,60.158376466389385,17057.636649794338,0
31.004808464085976,423.7627683632001,63.10103228350481,9329.317138428083,0
37.646263872468495,397.7241273984274,43.73047695056145,7999.315049025354,0
37.70222872502674,389.31675224107755,48.79201158130502,13608.377628400563,0
37.74591451140715,413.9257048609653,45.010963842838095,18060.694064557858,0
35.8062551003155,383.902869161959,40.10456463622099,11645.293054777516,0
53.26126162429411,337.0972124340476,39.50936263579173,9440.87849100162,0
31.93259808059649,424.44906469525,42.37915620358188,12779.46507737531,0
39.604788002359435,358.812830704635,38.96755458991811,12854.830190997649,0
46.89901456511755,368.92078717294663,58.238859706378996,7547.664123144644,0
47.08307418456749,393.84146513848896,58.355161625253466,16649.87557829106,1
42.824652578588335,396.2006700124584,48.09702922219961,13971.399583324883,0
31.888231505771774,410.29434235236437,37.43657666607394,12468.300334292055,0
32.720153607985814,400.0795061820071,32.0003071135349,10978.384520863214,0
40.19369030134893,398.7271828377287,54.428704098647366,10580.893692954272,0
39.96571245278369,412.2061878828157,53.34551304177847,13802.70458173572,0
26.82349508081162,395.5688810640062,48.859665666034886,8461.369039476198,0
40.33531210302453,432.2338863106635,52.53719383713065,11138.702682466977,0
29.438492795892984,410.41607565647234,61.33366777668401,17128.957008758727,0
44.87417048238922,392.5355401830123,44.245764622197,11062.756579868601,0
26.282467106135197,390.371508553424,38.70069531154783,10785.204549237877,1
45.21482711783447,392.33097465482115,44.77333806167685,9768.150472455938,0
43.57987599196139,401.5800620205251,51.22694529629948,12214.589576992252,0
44.1621354221512,400.638679432248,54.72237903061931,10441.441255351576,0
37.57071764809016,394.59409844071575,59.99225771252985,15634.03622606285,0
36.84097022205277,389.61500108028616,60.90932527198062,12988.759097295957,0
37.02752839504696,377.52320980301613,48.94015355524469,6926.722592855848,0
36.9912731975355,393.02248373406616,41.16477134420224,10146.380999127858,0
46.839932659812,383.02949445508995,44.24490975117402,13067.845817250527,0
46.598531687453864,399.04748973661935,54.307565336340076,10878.48720254066,0
30.094190870816576,437.9576069233533,57.41352005959666,9895.156643742863,0
35.83341185757887,367.69727300383704,52.94702900071114,14759.153038152052,0
46.167684186542374,397.7978564539009,47.64780539416281,15267.551899732658,0
37.25151958644426,392.24818997798627,54.3449386204151,14930.575387784414,0
41.46143530626632,376.7911871342569,46.3078125702205,16677.9676890645,0
39.825586303358676,341.67054415091167,67.30396420439423,11803.97582510736,0
39.5833563121628,419.85645706617964,59.997815777306045,9227.428766822472,0
41.65247885545861,356.11911159211576,53.30844207658383,15983.686592595364,0
35.37035077227163,402.5319756401134,63.21207036613477,14541.808226282894,0
46.814638175920514,395.20966630129664,53.436625158475806,8814.295407135314,0
35.597646015660125,404.466255037156,49.520232820294005,19969.324852240054,0
38.00370246676665,413.96271084868886,49.493273607023454,13880.12352986009,0
42.0294194293431,360.9445686789503,45.067480251354375,8801.330386298147,0
39.1873740643653,434.99194619678735,60.478136873801446,16077.47600314642,0
39.73917421342517,374.75285362997954,49.759570530017314,20195.85156722407,0
30.09008368890955,419.8074965577613,50.71909577027167,12082.261969512687,0
40.49002222192503,394.4399980891437,40.9484256097945,12236.937866832277,0
45.55670111612466,424.0227245839369,51.58606353603203,14893.35031035499,0
41.56198858209305,376.6479644375218,51.62144693894323,10047.379935891331,0
44.30759440045432,387.9676199968226,50.12010746940663,14633.342191880209,0
42.803238135974915,416.8235321209932,46.725952177919766,14372.775031441137,0
38.66921018946976,418.4131830524591,40.101574720648,10990.068689872893,0
48.44993000656953,392.2867178411171,45.20779297124032,10648.692172357654,0
43.00912062137557,363.68373290743796,51.58570380993239,11323.696312750228,0
39.36685802174186,379.73556886402974,47.53100751959754,10900.54494986974,0
35.990409854276635,390.9450361128369,44.206705775428865,9810.78695445387,0
50.408401252245184,465.64593212166284,56.40811316015001,10135.389270561975,0
36.781735929547786,404.9843577676885,55.623514769182435,11582.641993486053,0
39.84572644424683,389.6632706446602,46.73630133389831,12711.140136115877,0
38.704356435147325,439.7164231762195,53.49605248866597,15707.312628499423,0
43.90115620567269,430.37940999893846,60.181583968165796,10315.188163379733,1
32.865770638950245,382.87123951047045,40.413420216861184,16265.504727461877,0
38.02375293912677,404.8967828608734,31.45496054256289,2140.0544849564685,0
34.701528549667465,395.266837988981,56.72682334413212,9982.008239538416,0
43.72982919297231,383.1241389808575,72.50955079555607,17234.411195400262,0
33.672849576607504,394.8277129079172,54.92750498104518,12155.416102966557,0
31.921090090606032,375.98079597408235,37.98433633753403,10029.77670135211,0
33.56258667997762,444.0192076411375,39.104190834719766,11746.579131795403,0
36.23935538217524,380.41210011001056,46.86097688498246,12107.067943743617,0
33.90467401950256,418.20965175541727,55.03725543349974,10314.003756531316,0
50.76324896859039,426.633604657339,39.64409772849283,11335.419622019946,0
46.121308875082256,446.4665090008501,45.63104480057598,5275.512837592579,0
38.66912392819819,403.4607060143518,54.172775712402554,8359.617818151768,0
34.51515591970762,403.8757602120561,38.37543203435473,12768.681010266253,0
41.32544639000185,408.32140470935053,40.52565433958873,11447.702262710169,0
36.212930143296866,406.85710743565244,48.81595301732566,11740.909940944814,0
44.64990790525461,379.71575992484503,29.154968683403947,8517.303842478857,0
49.44835741100206,411.7011770580498,36.2492943066675,13401.03152751189,0
29.70894344065704,388.85123378419485,59.63283994390594,15400.889250493474,0
40.182993709900046,392.68669236727555,50.1442755509668,16881.061835425917,0
41.71648725792195,408.93966307490473,49.916595969099035,12844.470213414234,0
50.787862463597534,428.77165614135714,54.66658186274217,15064.435264999544,0
34.80733122251591,392.02682949375253,50.703107178596404,9178.021828185716,0
47.71715322058108,400.5548143092908,41.627187528323034,12250.244042291206,0
44.18267894234239,402.65420416028314,54.51159066029791,15215.641440210535,0
41.70912376406868,394.03793379737954,47.562284137094366,15896.589923214204,0
39.51182136379146,437.9638444804459,41.40899676457856,6960.616847556399,0
42.681716430985084,434.3520254295696,60.11670395895743,14694.44836379671,0
33.18743659000287,389.3000963509891,47.497379813779816,8670.559937923425,0
33.056215871644774,391.4539479777704,42.0328220790137,12652.087300251342,0
40.97886862985163,426.4348199248609,46.733225623987934,8944.099746414233,0
31.33256277153577,383.03210939587433,44.271613696287744,9914.165214474748,0
33.10650764843387,374.07975690515127,55.32643305305655,7416.164590377025,0
38.30389351159359,409.58022020482133,47.921633513579124,5029.35409382056,0
43.1948837534982,384.74944283141787,61.87025740052879,9665.240586069543,0
38.76944456569375,385.8026924333415,38.43392791485175,16178.639647927524,0
41.078602829968155,367.3346182704109,49.78383049056803,19595.040236655477,0
43.01758355955849,390.88293305116434,54.11587667879674,14324.863062303866,0
34.2204462654114,413.6950114895592,63.31143759641998,15300.66042640154,0
48.97733802387932,385.40970629192776,53.72819329955487,16178.131399970356,0
40.249995826247165,401.4767095675858,45.759312175264206,15324.151478944372,0
37.6270179899105,392.43442249887755,49.06176174399361,5235.4520226727855,0
34.76969294415947,406.0549559909157,47.94008103261205,9351.787374869375,0
33.14790472175835,389.2397055828821,60.074711930804526,13345.381573388182,0
46.02034012857149,398.3913725353006,72.44589199909458,15416.793839654722,1
37.758657402387506,401.35976878166286,59.60008409493055,9160.078497382807,0
37.596500264074066,410.1420114380088,49.68712796929294,9354.281059459028,1
45.97319600442711,365.66895106388057,62.60914467036237,8018.797771596464,0
35.316980199370704,409.1405771913216,29.36229054040404,9755.414661598415,0
40.42247930398703,391.1250186157367,63.54644338012076,14203.494760466448,0
47.75946212564357,390.1424626807818,58.14388221232436,14501.85563724759,0
47.38736768556016,411.8094400694859,42.64978401573971,8211.798649249515,0
41.00272566574047,413.1484410178145,51.139808901522954,9049.396705977346,0
41.125456172945974,397.4119687085472,41.27777098716271,11917.26183146865,0
36.08578185881294,416.0642838428361,42.47781630799173,13908.039310172953,0
50.74143721827345,400.86425140281665,36.20913474375092,14952.236354671644,0
42.32425792722073,397.0222212937906,59.348281774406246,12084.210135004341,1
35.10277818257603,366.2230586154741,43.14119573770303,12454.717426754602,0
40.23369464825384,409.3355265708542,48.42516807439224,6783.649546546021,0
39.587345348082444,362.02740028553416,37.994894965194426,12159.593189419485,0
36.971486833059686,395.05543473918925,46.596123984225244,10526.36986168591,0
41.98197840538791,357.5919329951518,41.17678875729547,13786.942378628799,0
45.268750689581225,406.75056689685897,51.81281007817125,11087.54288736145,0
42.24149996149704,396.48108147299956,43.71946891053444,7521.02554991255,0
42.28141611380084,361.0923136275918,37.13238729635851,13286.158124232714,0
40.453684430253,389.9500957569498,37.93467029904673,12391.53701954158,0
41.20509770885735,406.3414280524651,45.19063293982671,11998.458595261774,0
43.566523687589296,407.83038484916443,50.679870934809365,11054.438521128028,0
37.18845739360137,375.9709047298483,57.11857726698512,8183.851717973375,0
45.70403118949117,426.4303726259287,38.03048483763384,12846.452684294061,0
33.508222391115154,411.3032679919712,42.189052832055644,12465.90139989599,1
43.94369005533931,359.6534852672732,58.091395399853994,11475.490392433114,0
43.82343981150099,403.7580057965343,46.66753873757022,17690.742565750603,0
40.61439809915825,430.2949753668476,55.107152812839814,10654.530177194416,0
44.31563196500575,399.6777671116908,54.41839773284422,15022.917978558658,0
43.83229243146792,356.051252953655,28.530674871183134,9703.704755423236,0
37.642670822290015,422.6269031951804,30.19067868579412,14291.920217414745,0
40.45464495781737,414.1909484660638,59.78004646198002,13005.047234646494,0
31.94403449710975,386.8151191868531,49.631576044643246,11711.904503059595,0
36.499969614764034,375.0932560420393,45.086012735693465,9556.34766457014,0
38.22276991444027,387.7964174520931,33.686889321957636,9164.56786726337,0
37.05794132583193,391.7785662034839,45.71582182614674,12241.880891086674,0
46.47414359221598,389.2838227808829,51.344307325360234,13086.483126281104,1
39.57546497404257,411.11641732009105,59.95648010810376,13175.591973730689,0
41.96874183617944,420.8096598272913,41.24849640686828,7834.429782859869,0
36.919659976351376,394.1705695424995,38.25577498556205,9373.118563114964,0
42.580378139458276,386.2132885442651,60.534580393237015,9478.777348619164,0
35.51113595326171,381.0876199865985,43.47670768924196,9140.95043165115,0
41.79406639682841,375.4774281876139,60.76835915520266,14581.714227532904,0
49.666978268478225,402.998872219484,53.60643823384566,13283.903326502452,0
36.79315964177246,395.4026888734869,50.79895763569855,14172.413642246667,0
44.95103672438594,421.42025232967734,57.35647442967146,16653.486871920137,0
49.15499948239734,432.50565667167484,38.34543061798284,11208.447720150132,0
34.2394567452663,385.56910871504215,43.870159064826794,13469.130787641368,0
31.691138046285218,396.47526110542714,48.02788873869685,4330.859301707488,0
37.70353077809718,398.69723347925,47.33927831485869,14012.531964389616,0
40.31828815318028,391.44957139341733,49.80629371157637,12768.815749463238,0
35.545631276393244,382.7284696990798,46.43531212101661,9726.043806803198,1
40.81462997846317,424.29670262277904,48.04386157253356,10066.861490809104,1
42.13098906379765,377.82984299830616,51.814490463321256,12865.793067231905,0
42.637053257184895,384.00080021797083,41.85143818541339,13489.94481233903,0
30.605834050330657,407.2865559849999,37.810321485234255,13345.707455310469,0
35.31196704199328,362.03369342894877,49.37346637760971,10855.066325726262,1
39.406321330214354,404.230531942045,54.19128275767932,10531.022743325557,0
44.08599069167616,451.43325272273114,37.000873623962285,5399.042681409693,0
24.357693181703176,407.8591098579177,53.06296875449203,8880.712570710484,0
41.294516730579936,395.60172885649035,43.43082077085354,13996.271655655506,0
44.38541186991614,407.71173156207635,48.315071170434514,14371.85031017732,0
39.83803486395272,414.48567458161773,70.6404081691707,7567.2007885727435,0
40.54467514137471,421.9289115048771,42.90565594025876,15335.54865957291,0
31.354689675614246,402.5429243707801,30.687617774088075,6884.420732205215,1
42.251561060512245,401.2667616863781,55.26892721109879,12773.845688451718,0
39.33650661920199,401.983477361581,52.04900587873673,10478.78255389112,1
36.18121869473414,388.10071332515355,49.72434867096791,12685.244075573362,0
35.04629162954525,381.9372641017942,52.22098650329524,18288.808460918724,0
42.342738375315236,441.19310319806004,47.238310247783765,12122.74288293098,0
27.571086233478894,426.0563264154108,46.49768910250858,9687.797662131403,0
43.96911843153389,423.8433368366065,45.03271186135126,17943.474064802518,0
38.36810491653075,399.43665230614795,49.8657754850102,12992.173705690017,1
38.72489757996246,394.56886206973957,50.38059735522219,10887.825805947263,0
41.58855955422629,398.9851009835999,47.469765559480884,14154.792754988881,0
42.41266739851933,401.5179237271778,42.322779192256476,11016.165230337114,0
42.590379471794286,413.40278250581514,40.94577070064016,8229.637036683895,0
24.8065781804662,385.50537288691555,37.12801622184935,10993.60960772469,0
38.10768634279566,393.69703379645017,38.22757111760445,12258.639030665861,0
44.288935890692976,444.8799177263808,57.573058815543256,14480.53860922677,0
38.14298082586722,394.29913233562104,45.05803989324083,11087.372347677996,0
35.69741097408485,432.15103810496834,64.11955101055518,10775.085331080481,0
39.92793470487869,387.15438625086836,44.89763924445898,8542.21264813338,0
42.23459714835049,429.6246480754692,29.562654135692704,18009.1184419902,0
46.59833809124741,390.6886403204531,34.510644696991776,9331.032199244637,0
40.43474517183081,415.72794082328153,53.05924715656766,9170.845381169,0
30.769975495869268,429.810047417177,56.369019105282106,8783.85811299989,0
39.20493959513631,392.74323717849154,44.474883460775416,14397.829781035678,0
41.55416692850672,416.3369191831651,50.96002737826647,12758.83126417332,0
41.40265889337896,394.6503951713521,52.49382204165391,13380.64393219851,0
45.25491645933641,337.6207172456255,39.376683561941555,14999.821700481762,0
38.73835735690804,384.78819794614424,37.191566573594294,10055.792105329525,0
41.821007851709176,431.81768441640304,38.6394364351482,9499.664364200426,0
46.235561274761814,403.72253882862054,57.3498142533251,12435.773636373784,0
40.48777527424255,376.4070746120574,31.207091895745386,13658.766705423033,0
47.63817565720336,395.1922963350319,66.5394344109999,15211.63887509477,0
39.18511871191805,392.78894143925294,56.16019922826407,10295.287683807366,0
46.49629969477108,451.0353102595189,44.14734623312616,5727.135310242651,0
47.25090750558098,412.9783280363246,48.01010017527871,11976.144638270172,0
47.77884607153382,381.01377854475913,60.57062949297414,15377.289487498529,0
36.73336871978719,430.19481640263933,40.79975080491045,10013.203389164926,0
49.99213167883459,398.1825791507211,56.329869111642914,7307.29452033788,0
40.45667313954416,366.3021725030221,67.42607974089634,8161.293177421707,0
41.04984909632049,390.18087562235644,44.3883142725343,8639.510998028885,0
48.82207340472437,399.6732819703055,44.34298209002462,10292.18468377127,0
31.955726815436726,373.75261148594774,49.57970258207871,13000.205698936152,0
38.71282740914052,400.1992126259898,59.90709792129411,9836.240796531109,0
46.85048434680375,403.47890929218244,39.31425170244013,10734.629201215368,0
38.39350587513262,379.8560223188489,55.61572910130384,9300.136588444115,0
39.37291665273036,366.86312875019087,55.164922726126605,13915.36026517726,0
36.398057115440864,413.3146601701043,40.007460548662024,12776.459670444512,0
35.8573871811182,389.56647001336563,66.54992763835142,10638.997810812103,0
32.74528382058999,424.28512022296053,44.12515756474195,9882.309745925926,0
45.217934385031434,386.7863985651177,37.621505587958666,19375.703794990273,0
47.3793691914722,381.31275784389,43.85463234718952,18059.23440980568,0
34.87841950199636,394.8017694988377,57.96753141208063,14712.417936762431,0
44.184162380791086,391.8080871058694,59.45456684755645,12026.763528624673,0
33.8211501201055,423.67924735092396,44.07083938130715,15858.42996150743,0
35.92870125249947,407.01200679870016,57.423970670437576,16358.193122100183,0
38.23432445243441,385.4310846347875,47.61907851859701,12033.192001559575,0
42.48424558095172,395.11383241653516,60.40036058297419,17246.036770970924,0
48.32241428561713,432.7702675661275,42.969179292368054,9803.718536680317,0
43.3848644445151,388.25085944450575,48.03282763821495,13978.0722385332,0
44.74829675269962,433.95333434234817,39.95953452897537,9424.907209718438,0
44.493694170077774,408.50291202267175,41.35463536776567,9652.326752061248,0
36.47399646890564,440.50024712466836,71.15338894638703,5710.39220952173,0
34.38720936594141,406.4383808610452,45.52398491896433,9919.759671771115,0
41.40517122290797,423.63127956538915,52.174728556526176,10069.037732558461,0
39.146205365231374,385.44807815945535,46.15352281521355,13622.551914405845,1
39.31686674903783,424.2883768071821,51.3503724616173,8903.413077518047,0
40.48665385809889,404.06198407711554,67.8418759508177,12342.260316638803,0
49.30289871989011,432.346316313804,39.37448413556821,13413.636232901743,0
55.51453580557519,406.61892883354886,65.32126959493543,15109.166692939913,0
42.830507144110456,390.2427654036522,57.16147888274735,11793.81138748245,0
32.871514908059986,416.56511165057833,34.1490423351684,10276.982081875083,0
42.95889550379038,364.6896103896582,68.07916513342641,9704.211999578403,0
47.10321923817905,361.3751780938054,74.03680222269406,13707.96705216565,0
39.72662094122703,361.2536486054233,48.8173939869162,14109.189024859717,0
39.285678135267105,395.76843920606916,56.15223558850653,10684.984251440854,0
43.7529190341201,405.44538782566525,52.95688289594892,12723.974616401087,0
47.00242487135928,403.83571070046435,49.78208278025455,11407.318891483133,0
41.50638582958942,378.00917244126197,43.122315764614,14887.240721538861,0
39.21110371941797,379.3451786298483,28.12388374154591,11625.039930945642,0
32.38363086703639,392.2016658190653,63.160123963235286,13858.40658730821,0
38.71539862451903,397.6565757403747,45.38643766217057,9637.739280667338,0
40.9197965476944,393.6477175168675,33.6419078676659,14147.309554163987,0
39.52890717634455,407.98140774269984,57.32306410533548,11699.98382925234,0
34.384765895510135,412.2764860604961,71.18292488118287,11556.491839299895,1
39.85296499892805,382.24582737051327,60.088571741818775,11157.890717940623,0
46.28500829182227,441.03087021829793,59.87439017415614,15701.613649324936,0
40.228207968091226,380.90653361672855,47.538886569397164,10391.340885091506,0
47.65719329937443,357.550561184923,61.09788115880586,12821.159075339772,0
43.55958509945003,374.7425467271815,48.7220943074299,15370.231033394532,0
37.04190088425292,378.0095094744398,48.13417977771793,11448.256944163073,0
42.86110720102265,468.7849490687155,40.80315829283571,16619.88220379752,0
47.35360244679137,385.4960509065765,46.89097443874392,13996.941269738636,0
40.09747573679199,432.4108617682284,66.64297757320804,8608.1439366374,0
48.5935253058365,408.7953593459303,49.65427780683248,11608.01091944924,0
40.41943571805795,421.3693889176992,69.81508715458237,8456.933598595651,0
39.68087094115268,397.9278672598975,47.65829138738723,5335.569279920514,0
41.414086973554994,390.29252922077336,39.879053396735316,12865.235140104638,0
36.55892177454078,395.63685705974837,64.5486661407901,9177.533198274607,0
41.55650522850353,393.1178751244736,57.85499293114086,16904.09915290309,0
44.5161157846894,445.7688041979626,56.36475786468865,9174.533115060067,0
33.01682853895602,393.009481979478,39.01847167439361,10413.738141197291,0
39.24153596897031,411.38744099872065,44.694456368112,13157.214174770941,1
28.968263582134064,370.7259253774133,53.93475390842734,9557.2753888899,0
37.09880523943536,414.3606831461763,23.353166120261804,14048.208516404704,0
35.042032073278875,390.1110418567688,77.50847278485982,17819.54754392938,0
41.521882137538825,380.92154673553165,70.2349246305512,13742.467236588196,0
45.9667753577815,368.9056992811108,50.199260499482016,15312.311403709764,0
49.44161963845791,381.75208915218093,46.053124242847254,10919.624897105276,0
